{
    "score": 1.0,
    "parent_score": 0,
    "reserve_bonus": {
        "value": 10,
        "variance": 5.643417009819657e-93
    },
    "reserve_penalty": {
        "value": 10,
        "variance": 1.878341378578619e-64
    },
    "type_advantage": {
        "value": 120,
        "variance": 1.6689922414864632e-69
    },
    "type_disadvantage": {
        "value": 100,
        "variance": -1.0187095002338584e-60
    },
    "type_immunity_penalty": {
        "value": 150,
        "variance": -1.037301011122973e-65
    },
    "boost_negative": {
        "value": 70,
        "variance": 1.0205605486384942e-45
    },
    "boost_positive": {
        "value": 90,
        "variance": -1.973470362461978e-64
    },
    "boost_excess": {
        "value": 100,
        "variance": -1.8660270343388834e-64
    },
    "useless_heal_penalty": {
        "value": 120,
        "variance": 1.8048782453429436e-53
    },
    "hp": {
        "value": 50,
        "variance": -2.610737533765981e-48
    },
    "level": {
        "value": 5,
        "variance": 2.7911822928361965e-64
    },
    "par": {
        "value": 30,
        "variance": -1.2046391876030146e-70
    },
    "psn": {
        "value": 35,
        "variance": -4.7448810388143396e-64
    },
    "tox": {
        "value": 40,
        "variance": -8.359983365991046e-65
    },
    "brn": {
        "value": 25,
        "variance": -7.278923507253414e-64
    },
    "slp": {
        "value": 60,
        "variance": 5.620533678695484e-60
    },
    "frz": {
        "value": 70,
        "variance": 1.226851738904301e-50
    }
}